B00M0QVG3W,Canon PowerShot SX400 Digital Camera with 30x Optical Zoom (Black),Canon,50,4000
B00AWYN0BU,Canon PowerShot ELPH 130 IS 16.0 MP Digital Camera with 8x Optical Zoom 28mm Wide-Angle Lens and 720p HD Video Recording (Gray) (OLD MODEL),Canon,50,4000
B00908BMVE,Canon PowerShot SX500 IS 16.0 MP Digital Camera with 30x Wide-Angle Optical Image Stabilized Zoom and 3.0-Inch LCD (Black) (OLD MODEL),Canon,50,4000
B007FGZ1V0,Canon EOS 5D Mark III 22.3 MP Full Frame CMOS Digital SLR Camera with EF 24-105mm f/4 L IS USM Lens,Canon,50,4000
B004J3V7RO,Canon PowerShot ELPH 100 HS 12.1 MP CMOS Digital Camera with 4X Optical Zoom (Blue),Canon,50,4000
B0007QKMQY,Canon Rebel XT DSLR Camera with EF-S 18-55mm f/3.5-5.6 Lens (Silver) (OLD MODEL),Canon,50,4000
B00S4KXOQ0,Fujifilm X-A2/XC16-50mmF3.5-5.6 II Silver Mirrorless Digital Camera with Lens Kit,Fujifilm,50,4000
B00S4KXO10,Fujifilm FinePix S9900W Digital Camera with 3.0-Inch LCD (Black),Fujifilm,50,4000
B010RANXS8,"Fujifilm FinePix S8600 / S8630 Digital Camera - 16 Megapixel, 36X Wide-Angle Optical Zoom (Certified Refurbished)",Fujifilm,50,4000
B009ZM9R4O,Fujifilm Instax Mini 8 Instant Film Camera (Pink),Fujifilm,50,4000
B00U2UZ40Y,Fujifilm Instax Mini 8 Instant Film Camera (Raspberry),Fujifilm,50,4000
B0081IOD1K,FujiFilm FinePix S2940 14MP 18x Optical/6.7x Digital Zoom HD Camera (Black),FujiFilm,50,4000
B00AWKJPMC,Fujifilm Instax Mini 8 Instant Film Camera (Black),Fujifilm,50,4000
B00CLERWOU,"Kodak AZ521, 16MP Camera with 52x Optical Zoom, 3&#034; LCD Screen, 1080p Video Recording - Black",Kodak,50,4000
B00CD9JNNQ,Kodak FZ41 Red 16 MP Digital Camera with 4x Optical Image Stabilized Zoom and 2.7-Inch LCD,Kodak,50,4000
B00K2UD3QG,Kodak Astro Zoom AZ651-BK   Digital Camera with 65.0x Optical Image Stabilized Zoom  with 3.0-Inch LCD (Black),Kodak,50,4000
B000OFW65I,Disposable Kodak Camera [Camera] 3Pack,Kodak,50,4000
B005KG3NSK,Kodak EasyShare Z5010 Digital Camera,Kodak,50,4000
B0031RGGCA,Kodak Easyshare M575 14 MP Digital Camera with 5x Wide Angle Optical Zoom and 3.0-Inch LCD (Flame Red),Kodak,50,4000
B0012845AA,Kodak Easyshare M1033 10 MP Digital Camera with 3xOptical Zoom (Black),Kodak,50,4000
B003VTZE1W,Kodak Easyshare C195 Digital Camera (Red) (Discontinued by Manufacturer),Kodak,50,4000
B0009VU7TE,Kodak Easyshare P850 5.1 MP Digital Camera with 12x Image Stabilized Zoom,Kodak,50,4000
B001BX6HCU,Kodak Easyshare Z1015IS 10 MP Digital Camera with 15xOptical Image Stabilized Zoom,Kodak,50,4000
B00462RO2A,Kodak EasyShare C182 Digital Camera Bundle(Purple),Kodak,50,4000
B0056Z0TBE,"Kodak Easyshare Touch M5370 16 MP Digital Camera with 5x Optical Zoom, HD Video Capture and 3.0-Inch Capacitive Touchscreen LCD (Silver)",Kodak,50,4000
B001BX6HF2,Kodak Easyshare C913 9.2 MP Digital Camera with 3xOptical Zoom (Pink),Kodak,50,4000
B001OC7IUI,Kodak Easyshare M340 Digital Camera (Red),Kodak,50,4000
B0000APONO,Kodak EasyShare DX4530 5MP Digital Camera w/ 3x Optical Zoom,Kodak,50,4000
B00S86L0LQ,Olympus TG-860 Tough Waterproof Digital Camera with 3-Inch LCD (Orange),Olympus,50,4000
B006ZAHOEO,Olympus VG-160 14MP Digital Camera with 5x Optical Zoom (Red) (Old Model),Olympus,50,4000
B00IZKTNJ6,Olympus OM-D E-M1 Mirrorless Camera with Olympus M. Zuiko Digital ED 12-40mm f/2.8 PRO Lens,Olympus,50,4000
B001P06Q3O,Olympus Stylus 6000 10MP Digital Camera with 3.6x Wide Angle Optical Dual Image Stabilized Zoom and 2.7-inch LCD (Yellow),Olympus,50,4000
B00AQ2BWS6,Olympus Stylus SZ-16 iHS Digital Camera with 24x Optical Zoom and 3-Inch LCD (Silver) (Old Model),Olympus,50,4000
B00AQ2BVSW,Olympus Stylus TG-830 iHS Digital Camera with 5x Optical Zoom and 3-Inch LCD (Black) (Old Model),Olympus,50,4000
B00DTINK8O,Olympus SZ15 16MP 24X SILVER,Olympus,50,4000
B00DHEP8J4,Olympus Stylus SH-50 iHS Digital Camera with 24x Optical Zoom and 3-Inch LCD (Silver) (Old Model),Olympus,50,4000
B00008IHU2,Olympus C-750 4MP Digital Camera w/ 10x Optical Zoom,Olympus,50,4000
B005058BTW,Panasonic LUMIX DMC-G3 16 MP Micro Four-Thirds Interchangeable Lens Camera with 3-Inch Free-Angle Touch-Screen LCD and 14-42mm Lumix G VARIO f/3.5-5.6 Lens,Panasonic,50,4000
B00DY2Y28M,Panasonic LUMIX DMC-FZ70 16.1 MP Digital Camera with 60x Optical Image Stabilized Zoom and 3-Inch LCD (Black),Panasonic,50,4000
B004KKZ0HE,Panasonic Lumix DMC-ZS8 14.1 MP Digital Camera with 16x Wide Angle Optical Image Stabilized Zoom and 3.0-Inch LCD (Black) (OLD MODEL),Panasonic,50,4000
B00RBG687A,Panasonic LUMIX DMC-ZS50K 30X Travel Zoom with Eye Viewfinder (Black),Panasonic,50,4000
B00728Z8Y6,Panasonic Lumix DMC FH-8 16.1 MP Digital Camera with 5x Wide Angle Optical Image Stabilized Zoom (Violet),Panasonic,50,4000
B00I9OPF2W,Panasonic DMC-ZS40K Digital Camera with 3-Inch LCD (Black),Panasonic,50,4000
B002IKLJU0,Panasonic Lumix DMC-FZ35 12.1MP Digital Camera with 18x POWER Optical Image Stabilized Zoom and 2.7 inch LCD (Discontinued by Manufacturer),Panasonic,50,4000
B0021Y4XHY,Panasonic Lumix DMC-ZS3 10MP Digital Camera with 12x Wide Angle MEGA Optical Image Stabilized Zoom and 3 inch LCD (Red),Panasonic,50,4000
B00ATE7TQA,Panasonic Lumix DMC-TS25 16.1 MP Tough Digital Camera with 8x Intelligent Zoom (Blue),Panasonic,50,4000
B00RBG6GBS,Panasonic LUMIX DMC-ZS50S 30X Travel Zoom with Eye Viewfinder (Silver),Panasonic,50,4000
B00ATE7SZM,Panasonic Lumix DMC-SZ3 16.1 MP Compact Digital Camera  with20x Intelligent Zoom (Black) (OLD MODEL),Panasonic,50,4000
B004NBZ8DQ,Panasonic DMC-FH25K 16.1MP Digital Camera with 8x Wide Angle Image Stabilized Zoom and 2.7 inch LCD (Black) (OLD MODEL),Panasonic,50,4000
B00395YABI,Panasonic Lumix DMC-ZS7 12.1 MP Digital Camera with 12x Optical Image Stabilized Zoom and 3.0-Inch LCD (Red),Panasonic,50,4000
B008GVXKUW,Polaroid Z2300 10MP Digital Instant Print Camera - Black,Polaroid,50,4000
B00NEYHIHM,Polaroid Cube HD 1080p Lifestyle Action Video Camera (Black),Polaroid,50,4000
B00JZXELW6,Polaroid Z2300 10MP Digital Instant Print Camera (Blue),Polaroid,50,4000
B003K1M9YG,Polaroid OneStep SX-70 White/Rainbow Camera,Polaroid,50,4000
B0025VKVOC,Polaroid t1031 10.0 MP Digital Still Camera with 3.0 LCD Display (Orange),Polaroid,50,4000
B003E47FWU,"Polaroid CIM-1237R 12 MP Digital Camera with 3x Optical Zoom, Red",Polaroid,50,4000
B008RFA1BS,Polaroid 16 MP Waterproof Digital Camera w/ 2.7&#034;+1.8&#034; TFT Dual Display,Polaroid,50,4000
B00NEZ6OW6,Polaroid Cube HD 1080p Lifestyle Action Video Camera (Blue),Polaroid,50,4000
B003B2GTY0,Polaroid PIC-300 Instant Film Camera (Blue),Polaroid,50,4000
B007HR9W44,Polaroid PIC-300 Instant Film Camera (Purple),Polaroid,50,4000
B00QFVKXIC,Polaroid Socialmatic Instant Digital Camera (Black),Polaroid,50,4000
B003B2GTYU,Polaroid PIC-300 Instant Film Camera (Red),Polaroid,50,4000
B00MG2WYSG,Polaroid Z2300 10MP Digital Instant Print Camera (Purple),Polaroid,50,4000
B005006V4E,"Polaroid Dive-Rated Waterproof Camera Housing For The Nikon Coolpix L22, L24, L26, L28, S3100, S3000, S3100, S3300, S3600, S4000, S4100, S4300, S5100, S5200, S5300, S6000, S6100, S6200, S6300, S6400, S6500, S6800, S01, S80, S70, S220, S230, S620, S640 Digital Cameras",Polaroid,50,4000
B005C5G86S,Polaroid PLWPCK18-8 Dive-Rated Waterproof Camera Housing for Sony Cybershot DSC,Polaroid,50,4000
B0001MB7S6,Polaroid One 600 Ultra Instant Film Camera (Discontinued by Manufacturer),Polaroid,50,4000
B00P08LJ20,"Samsung WB1100F 16.2MP CCD Smart WiFi &amp; NFC Digital Camera with 35x Optical Zoom, 3.0&#034; LCD and 720p HD Video (Red) (Certified Refurbished)",Samsung,50,4000
B00HV6KIA8,"Samsung WB1100F 16.2MP CCD Smart WiFi &amp; NFC Digital Camera with 35x Optical Zoom, 3.0&#034; LCD and 720p HD Video (Red)",Samsung,50,4000
B00K88XMI6,Samsung NX3000 Wireless Smart 20.3MP Mirrorless Digital Camera with 16-50mm OIS Power Zoom Lens and Flash (Black),Samsung,50,4000
B00K88XMYK,Samsung NX3000 Wireless Smart 20.3MP Mirrorless Digital Camera with 20-50mm Compact Zoom and Flash Â (Black),Samsung,50,4000
B00R3DGKWY,"Samsung GC200 Galaxy Camera 2 - 16.3 Megapixel CMOS, 21x Optical Zoom, Android 4.3, WiFi and 4.8-inch Touchscreen LCD Display - White (Certified Refurbished)",Samsung,50,4000
B00EH5UGR6,Sony A3000 Mirrorless Digital Camera with 18-55mm Lens,Sony,50,4000
B00I8BICB2,Sony Alpha a6000 Mirrorless Digital Camera with 16-50mm Power Zoom Lens,Sony,50,4000
B00JIWXTXG,Sony Alpha a7S Mirrorless Digital Camera,Sony,50,4000
B00BEHRQB4,Sony Cyber-shot DSC-HX300/BC 20.4 MP Digital Camera with 50x Optical Zoom and 3-Inch Xtra Fine LCD (Black),Sony,50,4000
B00HQDBLDO,Nikon Coolpix L330 Digital Camera (Black),Nikon,50,4000
B00VH16ONS,Nikon Coolpix L830 Digital Camera (Plum) - Certified Refurbished,Nikon,50,4000
B00P18BDKC,Nikon COOLPIX L830 16 MP CMOS Digital Camera with 34x Zoom NIKKOR Lens and Full 1080p HD Video (Red) (Certified Refurbished),Nikon,50,4000
B00FA4UJY8,"Nikon 1 AW1 14.2 MP HD Waterproof, Shockproof Digital Camera System with AW 11-27.5mm f/3.5-5.6 1 NIKKOR Lens (Black)",Nikon,50,4000
B00I6TC6XG,Nikon D3200 24.2 MP CMOS Digital SLR Camera with 18-55mm and 55-200mm Non-VR DX Zoom Lenses Bundle,Nikon,50,4000
B00P19NCLE,Nikon Coolpix P530 Digital Camera (Black) (Certified Refurbished),Nikon,50,4000
B00OU3YRG6,Nikon COOLPIX S3500 20.1 MP Digital Camera with 7x Zoom - Silver (Certified Refurbished),Nikon,50,4000
B00S5FM9GK,Nikon Coolpix L30 Digital Camera (Red) - Certified Refurbished,Nikon,50,4000
B00FXYT9DC,Nikon D5300 24.2 MP CMOS Digital SLR Camera with Built-in Wi-Fi and GPS Body Only (Red),Nikon,50,4000
B009OAOG9S,Nikon D3200 24.2 MP CMOS Digital SLR - Body Only (Certified Refurbished),Nikon,50,4000
B005OGQZFO,Nikon 1 J1 HD Digital Camera System with 10-30mm Lens (Silver) (OLD MODEL),Nikon,50,4000
B00B7N9CWG,Nikon COOLPIX L820 16 MP CMOS Digital Camera with 30x Zoom Lens and Full HD 1080p Video (Black) (OLD MODEL),Nikon,50,4000
B00HQ4W3X0,Nikon COOLPIX L830 16 MP CMOS Digital Camera with 34x Zoom NIKKOR Lens and Full 1080p HD Video (Red) (Discontinued by Manufacturer),Nikon,50,4000
B00LMIKR6Q,Nikon Coolpix S2800 Point and Shoot Digital Camera with 5x Optical Zoom (Black) International Version No Warranty,Nikon,50,4000
B005OGR1R0,Nikon 1 J1 10.1 MP HD Digital Camera System with 10-30mm VR and 30-110mm VR 1 NIKKOR Lenses (White),Nikon,50,4000
B003ZYF3LO,Nikon D3100 DSLR Camera with 18-55mm f/3.5-5.6 Auto Focus-S Nikkor Zoom Lens (Discontinued by Manufacturer),Nikon,50,4000
B00HQ4W3OE,Nikon COOLPIX L830 16 MP CMOS Digital Camera with 34x Zoom NIKKOR Lens and Full 1080p HD Video (Black) (Discontinued by Manufacturer),Nikon,50,4000
B00T85P56C,Nikon COOLPIX L840 Digital Camera with 38x Optical Zoom and Built-In Wi-Fi (Black),Nikon,50,4000
B00PBGB49Y,Nikon D3300 24.2 MP CMOS Digital SLR with AF-S DX NIKKOR 18-55mm f/3.5-5.6G VR II Zoom Lens andAF-S DX NIKKOR 55-200mm f/4-5.6G ED VR II Lens - Factory Refurbished (Certified Refurbished),Nikon,50,4000
B00P17XY0A,Nikon COOLPIX L830 16 MP CMOS Digital Camera with 34x Zoom NIKKOR Lens and Full 1080p HD Video (Black) (Refurbished),Nikon,50,4000
B00CCGZ6PO,Nikon D3100 14.2MP Digital SLR Double-Zoom Lens Kit with 18-55mm and 55-200mm DX Zoom Lenses (Black) (Discontinued by Manufacturer),Nikon,50,4000
B00T85ORMA,Nikon COOLPIX S9900 Digital Camera with 30x Optical Zoom and Built-In Wi-Fi (Black),Nikon,50,4000
B00T85PUJY,Nikon COOLPIX S3700 Digital Camera with 8x Optical Zoom and Built-In Wi-Fi (Silver),Nikon,50,4000
B00T85PMWY,Nikon COOLPIX S33 Waterproof Digital Camera (Blue),Nikon,50,4000
B00T85Q37C,Nikon COOLPIX L32 Digital Camera with 5x Wide-Angle NIKKOR Zoom Lens,Nikon,50,4000
